Department,Include
Camera Department,0
Producers,0
Directorial,0
Makeup and Hair,0
Production,0
Editorial,0
Production Support,0
Production Management,0
Location,0
Visual Effects,0
Animation,0
Choreography,0
Grip Department,0
Electrical Department,0
Costume and Wardrobe,0
Art Department,0
Special Effects,0
Casting Department,0
Production Design,0
Sound,0
Other,0
Logistics,0
Post-Production Department,0
Stunts Department,0
Management,0
Writing,1
Behind The Scenes,0
Aerial Copter,0
Interactive,0
