Writing,writer_plural,Writers
Writing,concept,Concept
Writing,script_consultant,Script Consultant
Writing,writer_treatment,Writer (Treatment)
Writing,additional-writing,Additional Writing
Writing,concept-inspiration,Concept Inspiration
Writing,idea,Idea
Interactive,flash_supervisor,Flash Supervisor
Interactive,flash_animator,Flash Animator
Interactive,flash_developer,Flash Developer
Interactive,interactive_director,Interactive Director
Interactive,interactive_technical_director,Interactive Technical Director
Interactive,developer,Developer
Interactive,interactive_project_manager,Interactive Project Manager
Interactive,interactive_executive_producer,Interactive Executive Producer

